{
  "project_info": {
    "project_number": "348988934320",
    "project_id": "itineraireplusplus-52326",
    "storage_bucket": "itineraireplusplus-52326.appspot.com"
  },
  "client": [
    {
      "client_info": {
        "mobilesdk_app_id": "1:348988934320:android:e1812ba9329652e3d09375",
        "android_client_info": {
          "package_name": "ca.bntec.itineraireplusplus"
        }
      },
      "oauth_client": [
        {
          "client_id": "348988934320-b4g7tpol0l9d5977q8nkuvflqka4ghj1.apps.googleusercontent.com",
          "client_type": 3
        }
      ],
      "api_key": [
        {
          "current_key": "AIzaSyAxxAmjbqO0zLC-YCvxN_LYdSBHKL3eTp0"
        }
      ],
      "services": {
        "appinvite_service": {
          "other_platform_oauth_client": [
            {
              "client_id": "348988934320-b4g7tpol0l9d5977q8nkuvflqka4ghj1.apps.googleusercontent.com",
              "client_type": 3
            }
          ]
        }
      }
    }
  ],
  "configuration_version": "1"
}